{
  "dev": {
    "awscloudformation": {
      "AuthRoleName": "amplify-tessuserapp-dev-194939-authRole",
      "UnauthRoleArn": "arn:aws:iam::041414866712:role/amplify-tessuserapp-dev-194939-unauthRole",
      "AuthRoleArn": "arn:aws:iam::041414866712:role/amplify-tessuserapp-dev-194939-authRole",
      "Region": "us-west-2",
      "DeploymentBucketName": "amplify-tessuserapp-dev-194939-deployment",
      "UnauthRoleName": "amplify-tessuserapp-dev-194939-unauthRole",
      "StackName": "amplify-tessuserapp-dev-194939",
      "StackId": "arn:aws:cloudformation:us-west-2:041414866712:stack/amplify-tessuserapp-dev-194939/5d50bbd0-3fa1-11ed-9d4c-066d6464f449",
      "AmplifyAppId": "d2n4vdiwp97yst"
    },
    "categories": {
      "auth": {
        "tessuserappdev": {}
      }
    }
  }
}