Achiever,Explorer,Socializer,Influencer,Susceptibility,Risk aversion,Age group,Tech savviness,Home ownership
2.4763,3.2578,1.1063999999999998,1.1592,More susceptible,Less risk averse,Silent,Follower,Owner
2.3163,2.2084,1.7681,1.7072,Least susceptible,Least risk averse,Gen-X (older),Follower,Owner
3.4119,2.1414999999999997,0.8974,1.5488999999999997,Most susceptible,Most risk averse,Millenial,Trendy,Renter
1.6227,2.6744000000000003,2.1900999999999997,1.5127,Least susceptible,Least risk averse,Gen-X (older),Experimenter,Owner
2.7198,0.3868,2.9986,1.9128,Most susceptible,Least risk averse,Millenial,Follower,Owner
1.4699000000000002,1.9045,3.1961999999999997,1.4294,Most susceptible,Least risk averse,Gen-Z,Trendy,Owner
2.8641,1.4744,2.6048,1.0565,More susceptible,Most risk averse,Gen-X (younger),Experimenter,Owner
2.4606,2.0917999999999997,1.2557999999999998,2.1915,Less susceptible,Less risk averse,Millenial,Trendy,Owner
1.848,2.8854000000000006,2.1407,1.1259,Less susceptible,Less risk averse,Gen-X (older),Follower,Owner
3.2629,2.6995000000000005,1.0317,1.0057,Less susceptible,Least risk averse,Millenial,Follower,Renter
1.8317,2.2815,2.9137,0.9728999999999999,Less susceptible,Less risk averse,Silent,Follower,Owner
1.6524999999999999,2.6597,1.2530000000000001,2.4347000000000003,Less susceptible,Most risk averse,Millenial,Trendy,Renter
1.7006000000000003,1.8393,2.3874,2.073,More susceptible,Least risk averse,Millenial,Trendy,Renter
3.8758,2.0843,1.0911000000000002,0.9485999999999999,Less susceptible,Least risk averse,Gen-Z,Experimenter,Renter
1.7403000000000002,3.2439,1.9445999999999999,1.0711,Most susceptible,Less risk averse,Gen-Z,Follower,Renter
1.7341,2.1576000000000004,2.3297999999999996,1.7784000000000002,Less susceptible,Least risk averse,Gen-X (younger),Experimenter,Owner
1.4481000000000002,2.7365,1.9329999999999998,1.8823,Less susceptible,Least risk averse,Gen-X (younger),Luddite,Renter
1.0825,3.2163000000000004,2.6887,1.0124,Less susceptible,Least risk averse,Gen-X (younger),Experimenter,Owner
1.7677,3.4246000000000008,1.7980000000000003,1.0096,More susceptible,Most risk averse,Gen-X (older),Experimenter,Owner
1.5023000000000002,2.6977,2.0402,1.7596000000000003,Less susceptible,More risk averse,Gen-X (younger),Trendy,Renter
1.6963000000000001,1.9991000000000003,2.5364999999999998,1.7679,Less susceptible,Least risk averse,Gen-Z,Trendy,Renter
2.3806000000000003,2.3125999999999998,1.5077999999999998,1.7988,Less susceptible,More risk averse,Gen-X (younger),Experimenter,Owner
1.8832,3.6606000000000005,1.6099,0.8462,Less susceptible,Least risk averse,Gen-X (younger),Trendy,Owner
3.3501,1.4561,1.6439,1.5497999999999998,Less susceptible,Least risk averse,Millenial,Trendy,Renter
1.7258,2.5133,2.3325000000000005,1.4282,Less susceptible,Least risk averse,Millenial,Trendy,Owner
3.2954000000000003,2.0575,0.9845999999999999,1.6622000000000001,Less susceptible,Less risk averse,Gen-X (older),Experimenter,Renter
2.4566000000000003,1.9416000000000002,2.0817,1.5377,Less susceptible,Most risk averse,Gen-Z,Trendy,Renter
2.5823,2.8477000000000006,1.762,0.8077999999999999,Less susceptible,Most risk averse,Gen-X (younger),Follower,Owner
1.6265,3.2911,0.9180999999999999,2.164,Less susceptible,Least risk averse,Gen-X (younger),Trendy,Owner
2.6002,3.6009,1.0757,0.723,Less susceptible,Least risk averse,Gen-X (younger),Experimenter,Owner
2.3614,1.0557,3.114,1.4687,Less susceptible,Least risk averse,Millenial,Experimenter,Owner
1.8832,3.6606000000000005,1.6099,0.8462,Less susceptible,Least risk averse,Millenial,Follower,Renter
1.6902000000000001,2.2257000000000002,2.9316999999999998,1.1522000000000001,Less susceptible,Less risk averse,Gen-X (younger),Experimenter,Owner
3.4119,2.1414999999999997,0.8974,1.5488999999999997,Less susceptible,Most risk averse,Millenial,Experimenter,Renter
2.4822,2.7056000000000004,1.2750000000000001,1.5369,Less susceptible,Most risk averse,Gen-X (younger),Trendy,Owner
3.3099,2.114,1.5938,0.9820999999999999,More susceptible,More risk averse,Millenial,Experimenter,Renter
3.7641,2.6306000000000003,1.0793000000000001,0.5258,Less susceptible,Least risk averse,Millenial,Trendy,Renter
3.0895000000000006,1.2179,2.3868000000000005,1.3058999999999998,Most susceptible,Most risk averse,Millenial,Trendy,Owner
1.7369,3.2876000000000003,1.2478000000000002,1.7274,Less susceptible,Least risk averse,Gen-X (older),Follower,Owner
1.7425000000000002,2.2647000000000004,2.4872,1.5056,Less susceptible,Least risk averse,Gen-X (younger),Follower,Owner
2.269,0.9391,2.7245000000000004,2.0850999999999997,More susceptible,Least risk averse,Gen-Z,Experimenter,Renter
2.3192000000000004,2.5658000000000003,1.5331000000000004,1.5817999999999999,More susceptible,More risk averse,Boomer,Trendy,Owner
2.5652,3.5836000000000006,1.1340000000000001,0.717,Less susceptible,Less risk averse,Millenial,Trendy,Owner
1.8787999999999998,3.5742000000000003,1.3449,1.2018,Least susceptible,Less risk averse,Gen-Z,Luddite,Renter
2.3547000000000002,1.7434,2.0073000000000003,1.8942999999999999,Most susceptible,More risk averse,Boomer,Follower,Owner
1.7836,3.7087000000000003,0.9861,1.5214,Less susceptible,Least risk averse,Millenial,Trendy,Renter
1.0578,2.3012,3.6310000000000002,1.0099,Less susceptible,Less risk averse,Gen-X (younger),Trendy,Renter
2.2883000000000004,2.0358,2.2188,1.4747999999999999,Less susceptible,Least risk averse,Millenial,Trendy,Renter
2.5539,3.0699000000000005,0.9704,1.4056,Less susceptible,Most risk averse,Gen-X (younger),Trendy,Owner
1.1009,3.573200000000001,2.1698,1.156,Least susceptible,Most risk averse,Gen-X (younger),Trendy,Owner
1.8519999999999999,2.9796000000000005,1.0399,2.1284000000000005,More susceptible,Least risk averse,Millenial,Experimenter,Renter
1.5944000000000003,3.3420000000000005,2.0559000000000003,1.0076,Less susceptible,Less risk averse,Gen-X (older),Trendy,Owner
2.441,2.0736000000000003,1.4329,2.07,Most susceptible,Most risk averse,Gen-Z,Trendy,Renter
1.6892000000000003,1.4862,3.0535,1.7713,Less susceptible,Least risk averse,Gen-Z,Trendy,Renter
3.0921,1.0663,2.0607,1.7987,More susceptible,Most risk averse,Silent,Follower,Owner
2.5343,2.1627000000000005,2.15,1.153,Less susceptible,Most risk averse,Silent,Trendy,Owner
3.2233000000000005,2.4289,1.1162999999999998,1.2312,Most susceptible,Least risk averse,Millenial,Trendy,Renter
1.4301,2.0843,3.3846000000000003,1.101,Less susceptible,Least risk averse,Gen-Z,Follower,Renter
3.1901,2.5237,1.2967000000000002,0.9891999999999999,More susceptible,More risk averse,Silent,Follower,Owner
3.0785,2.2869,1.7936999999999999,0.8406,Most susceptible,Least risk averse,Gen-Z,Trendy,Owner
2.6998,2.2097999999999995,1.7026000000000001,1.3876,Less susceptible,Least risk averse,Gen-Z,Follower,Renter
3.7603,1.8483,1.2792000000000003,1.1119999999999999,Less susceptible,Least risk averse,Millenial,Trendy,Owner
1.0825,3.2163000000000004,2.6887,1.0124,More susceptible,Most risk averse,Gen-X (younger),Trendy,Owner
2.5145000000000004,2.0497000000000005,2.5512000000000006,0.8846999999999999,Less susceptible,Most risk averse,Gen-Z,Experimenter,Owner
2.5539,1.5595,1.8678,2.0188,Less susceptible,Less risk averse,Boomer,Luddite,Renter
2.1904,1.3065000000000002,3.3827999999999996,1.1205,Most susceptible,Least risk averse,Boomer,Follower,Owner
2.3990000000000005,1.8137,2.7393000000000005,1.0481,Less susceptible,Most risk averse,Gen-X (younger),Trendy,Renter
1.7836,3.7087000000000003,0.9861,1.5214,Less susceptible,Least risk averse,Millenial,Experimenter,Owner
2.5192,3.375,0.6879000000000001,1.4176,Less susceptible,Least risk averse,Gen-X (younger),Experimenter,Renter
1.0392000000000001,2.9137,1.8648,2.1822,Less susceptible,Most risk averse,Gen-X (younger),Experimenter,Owner
1.5041000000000002,1.2953,2.273,2.9276000000000004,Less susceptible,Most risk averse,Gen-Z,Trendy,Renter
3.2910999999999997,2.7032,0.49939999999999996,1.5058999999999998,Less susceptible,Least risk averse,Gen-X (younger),Experimenter,Owner
0.9255999999999999,2.6536,2.3,2.1208,Least susceptible,More risk averse,Gen-X (younger),Experimenter,Owner
2.48,2.5217,1.9774000000000003,1.0208,Less susceptible,Most risk averse,Millenial,Trendy,Owner
1.7691000000000001,2.9643,1.6272,1.639,Most susceptible,Most risk averse,Gen-X (younger),Trendy,Owner
1.009,3.5159000000000002,2.4112,1.0638,Less susceptible,Less risk averse,Gen-X (younger),Experimenter,Owner
1.6150000000000002,2.7798,1.3249000000000002,2.2801000000000005,Less susceptible,Most risk averse,Gen-X (older),Trendy,Renter
1.7987000000000002,2.6138000000000003,1.7399999999999998,1.8473,Less susceptible,Least risk averse,Gen-X (older),Trendy,Owner
1.9383000000000001,3.0060000000000002,1.7698000000000003,1.3035,Most susceptible,Least risk averse,Millenial,Experimenter,Renter
3.9151,1.4559,1.518,1.1108999999999998,Less susceptible,Most risk averse,Gen-X (younger),Follower,Owner
0.6501,2.1761000000000004,2.0721000000000003,3.1015,More susceptible,Less risk averse,Boomer,Trendy,Owner
1.8247,3.6754000000000007,1.3796,1.1200999999999999,Most susceptible,More risk averse,Millenial,Trendy,Renter
1.8515000000000001,2.5404,1.9388999999999996,1.6692000000000002,Most susceptible,Less risk averse,Gen-X (older),Experimenter,Owner
2.936,1.8061,2.1981,1.0774000000000001,Less susceptible,Less risk averse,Gen-X (younger),Follower,Owner
2.1698000000000004,1.3719000000000001,2.701,1.7748000000000002,Less susceptible,Most risk averse,Gen-X (older),Experimenter,Owner
1.7907,1.3565,3.5226,1.3304,Less susceptible,Less risk averse,Gen-X (older),Trendy,Renter
2.5826000000000002,3.1409000000000002,1.2224000000000002,1.0541,Less susceptible,Most risk averse,Gen-X (younger),Trendy,Owner
2.5810000000000004,2.7012,1.1801,1.5374999999999999,Less susceptible,More risk averse,Gen-Z,Trendy,Renter
2.8722,1.7550000000000001,1.9959000000000002,1.3766999999999998,Less susceptible,Least risk averse,Gen-X (older),Experimenter,Owner
1.5531,0.6114,2.3317,3.504,Most susceptible,Most risk averse,Gen-X (younger),Trendy,Owner
3.047,1.299,1.8369999999999997,1.8169000000000002,Less susceptible,Least risk averse,Millenial,Trendy,Renter
1.6999,2.6182000000000003,1.8349000000000002,1.8467,Less susceptible,Most risk averse,Millenial,Follower,Renter
1.6041,1.8651,1.9087,2.6219,Most susceptible,Least risk averse,Millenial,Experimenter,Renter
2.6295,2.3286000000000002,2.1124,0.9294,Less susceptible,Least risk averse,Silent,Follower,Renter
0.9485,1.8364,3.5461,1.669,More susceptible,Most risk averse,Millenial,Experimenter,Owner
3.9415,1.1902,1.7528000000000001,1.1154,More susceptible,More risk averse,Millenial,Trendy,Renter
3.7973000000000003,1.1585,1.9308,1.1135,Less susceptible,More risk averse,Millenial,Trendy,Renter
1.6332,1.8875000000000002,2.2481,2.2487999999999997,Less susceptible,Less risk averse,Boomer,Follower,Owner
1.3470000000000002,1.4205,4.190300000000001,1.0422,Least susceptible,Least risk averse,Millenial,Trendy,Owner
3.2921000000000005,2.4268,1.5016999999999998,0.7793000000000001,Less susceptible,Most risk averse,Millenial,Luddite,Renter
2.4915000000000003,3.5268000000000006,1.0078,0.9737,More susceptible,Most risk averse,Gen-X (younger),Trendy,Renter
2.0112,3.5079,1.0836,1.3971,Less susceptible,Most risk averse,Gen-Z,Experimenter,Renter
0.9367,1.9233000000000002,2.6663,2.4736,Less susceptible,Least risk averse,Silent,Luddite,Owner
1.7721,2.7036,1.9557000000000002,1.5685,Less susceptible,More risk averse,Gen-X (younger),Follower,Renter
1.8853,2.7114000000000003,1.4111000000000002,1.9919999999999998,Less susceptible,Least risk averse,Millenial,Trendy,Owner
2.2952000000000004,1.3135000000000003,1.8415999999999997,2.5495,Less susceptible,Most risk averse,Gen-Z,Trendy,Owner
1.6508000000000003,2.8276999999999997,2.3028000000000004,1.2186000000000001,Less susceptible,Most risk averse,Gen-X (older),Trendy,Renter
1.7760000000000002,1.4707000000000001,2.5410000000000004,2.2122,Most susceptible,More risk averse,Boomer,Trendy,Owner
2.4865,2.0599,1.7602000000000002,1.6931999999999998,Less susceptible,Less risk averse,Gen-X (older),Experimenter,Owner
0.9862,1.9971,3.2172000000000005,1.7995,Less susceptible,More risk averse,Gen-X (younger),Experimenter,Owner
2.5652,3.5836000000000006,1.1340000000000001,0.717,Less susceptible,Most risk averse,Gen-X (older),Experimenter,Owner
1.8419,3.1401000000000003,1.3621999999999999,1.6555000000000002,Most susceptible,Least risk averse,Gen-X (younger),Trendy,Renter
1.7684,3.4397,1.0847,1.7068999999999999,Most susceptible,Least risk averse,Gen-X (younger),Follower,Owner
3.7296,1.3800000000000001,2.1526,0.7376,Less susceptible,More risk averse,Gen-Z,Follower,Renter
1.7854,3.1116,1.8994,1.2212,Less susceptible,More risk averse,Gen-X (older),Experimenter,Renter
1.0330000000000001,3.1425,2.1378,1.6864999999999999,Most susceptible,Least risk averse,Gen-X (younger),Trendy,Renter
1.8590999999999998,3.6022999999999996,1.7071,0.8313999999999999,More susceptible,Least risk averse,Gen-X (younger),Follower,Renter
2.1442,1.0409,3.4321,1.3828,Most susceptible,Most risk averse,Gen-X (younger),Trendy,Owner
1.6886999999999999,2.8366000000000007,1.4510999999999998,2.0234,Most susceptible,Most risk averse,Millenial,Follower,Owner
1.8603999999999998,2.1418,2.4159,1.5819,Least susceptible,Least risk averse,Gen-X (older),Trendy,Owner
3.0296000000000003,0.47819999999999996,3.2625,1.2299,Most susceptible,Least risk averse,Millenial,Follower,Renter
3.3539000000000003,3.1122000000000005,0.7552000000000001,0.7784,Less susceptible,Least risk averse,Gen-Z,Experimenter,Renter
0.7270000000000001,2.0691,3.2327999999999997,1.9711,Less susceptible,Least risk averse,Gen-X (younger),Experimenter,Renter
1.8179,3.5135000000000005,1.6356000000000002,1.0328,Most susceptible,Least risk averse,Gen-X (younger),Follower,Renter
1.6306000000000003,2.6478,1.9737000000000002,1.7477999999999998,Less susceptible,Less risk averse,Gen-X (younger),Trendy,Owner
2.5437,1.6798000000000002,2.0967,1.6795,Less susceptible,Least risk averse,Millenial,Follower,Renter
3.2409000000000003,3.1757,0.9958999999999999,0.5876,Less susceptible,More risk averse,Boomer,Trendy,Owner
2.555,2.8814,1.01,1.5534000000000001,Most susceptible,Least risk averse,Gen-X (older),Trendy,Owner
3.1500999999999997,2.2142999999999997,1.123,1.5125,Less susceptible,Least risk averse,Millenial,Trendy,Owner
1.6758000000000002,3.3673,2.0394,0.9174,Less susceptible,Most risk averse,Boomer,Follower,Renter
2.3355,3.3406000000000002,1.4245000000000003,0.8992,More susceptible,Least risk averse,Gen-X (younger),Experimenter,Owner
3.2910999999999997,2.7032,0.49939999999999996,1.5058999999999998,Less susceptible,Least risk averse,Millenial,Trendy,Owner
2.128,1.8806,1.7650000000000001,2.244,Less susceptible,Less risk averse,Millenial,Follower,Renter
1.6433000000000002,2.4441,1.7493999999999998,2.1632000000000002,Least susceptible,Least risk averse,Gen-X (younger),Experimenter,Renter
4.0051000000000005,2.9407000000000005,0.3025,0.7515999999999999,Less susceptible,Most risk averse,Gen-Z,Follower,Renter
2.2744,1.2971000000000004,2.3026,2.1258,Less susceptible,Less risk averse,Millenial,Trendy,Renter
3.3099,2.114,1.5938,0.9820999999999999,Less susceptible,Most risk averse,Gen-X (younger),Trendy,Owner
2.5019,2.1885000000000003,1.1606999999999998,2.1487000000000003,Less susceptible,Most risk averse,Millenial,Trendy,Owner
2.6305000000000005,2.7750000000000004,1.731,0.8634,Most susceptible,Least risk averse,Boomer,Follower,Renter
1.8300999999999998,2.9677000000000007,1.7606,1.4415,Less susceptible,Most risk averse,Gen-X (younger),Trendy,Owner
2.4822,2.7056000000000004,1.2750000000000001,1.5369,Less susceptible,Least risk averse,Millenial,Trendy,Renter
2.4976000000000003,2.8342,0.6755,1.9924,Least susceptible,Least risk averse,Gen-X (younger),Experimenter,Owner
1.6467000000000003,3.0197999999999996,1.412,1.9214000000000002,Most susceptible,Less risk averse,Millenial,Trendy,Owner
2.5131000000000006,1.9701,1.5445,1.9720000000000002,Most susceptible,Less risk averse,Millenial,Experimenter,Renter
2.2008,1.9724,1.9562000000000002,1.8706,Least susceptible,Least risk averse,Gen-X (older),Trendy,Renter
1.8179,3.5135000000000005,1.6356000000000002,1.0328,Less susceptible,More risk averse,Millenial,Trendy,Renter
1.5072999999999999,1.4776,1.9178,3.0973,Least susceptible,Most risk averse,Gen-Z,Follower,Renter
2.4238,1.4196000000000002,3.1234,1.0334,Less susceptible,Least risk averse,Gen-X (younger),Follower,Renter
1.5309,2.6973000000000003,2.6853,1.0865,Less susceptible,Least risk averse,Millenial,Trendy,Owner
0.7031000000000001,1.3783000000000003,3.1984,2.7201999999999997,More susceptible,Least risk averse,Gen-X (younger),Trendy,Owner
1.8939000000000001,4.0215000000000005,1.1719,0.9123999999999999,Less susceptible,More risk averse,Gen-X (older),Experimenter,Owner
1.7461000000000002,2.8838,1.7856,1.5843999999999998,More susceptible,Least risk averse,Millenial,Trendy,Renter
2.0093,3.091,1.8418,1.0576999999999999,Most susceptible,More risk averse,Millenial,Follower,Renter
1.7416999999999998,2.7974000000000006,1.5206,1.9400000000000002,Less susceptible,Most risk averse,Gen-X (younger),Trendy,Renter
2.6921,3.6582,0.8342999999999998,0.8151999999999999,Less susceptible,Least risk averse,Gen-X (younger),Follower,Renter
1.4724,2.7121,2.455,1.3604,Less susceptible,Least risk averse,Millenial,Trendy,Renter
2.1717,1.9215,2.0361000000000002,1.8704999999999998,Less susceptible,More risk averse,Boomer,Experimenter,Renter
1.8395000000000001,3.0104,1.8647,1.3029,Least susceptible,Least risk averse,Millenial,Experimenter,Owner
0.9064,2.7492000000000005,2.0109999999999997,2.3331999999999997,More susceptible,Most risk averse,Gen-X (younger),Experimenter,Owner
1.8258,3.6134000000000004,1.2753999999999999,1.2852,Less susceptible,Least risk averse,Gen-Z,Trendy,Owner
3.3377,2.0246000000000004,1.4269000000000003,1.2285000000000001,Less susceptible,Most risk averse,Boomer,Experimenter,Owner
2.2689000000000004,3.3556999999999997,1.8456000000000004,0.5297000000000001,Less susceptible,Less risk averse,Gen-X (younger),Experimenter,Owner
2.5652,3.5836000000000006,1.1340000000000001,0.717,Least susceptible,Most risk averse,Gen-X (younger),Trendy,Owner
2.6921,3.6582,0.8342999999999998,0.8151999999999999,Less susceptible,Most risk averse,Gen-X (younger),Experimenter,Owner
3.0176999999999996,2.0479000000000003,2.1588,0.7754999999999999,Most susceptible,Less risk averse,Gen-X (older),Trendy,Owner
3.0027,2.5368000000000004,1.7849000000000002,0.6752999999999999,Less susceptible,Most risk averse,Gen-X (younger),Trendy,Renter
0.9799,2.4496,2.2885,2.2817999999999996,Less susceptible,Least risk averse,Gen-X (younger),Trendy,Owner
0.8598,3.491600000000001,2.5719000000000003,1.0766,Less susceptible,Less risk averse,Millenial,Trendy,Renter
1.7684,3.4397,1.0847,1.7068999999999999,Less susceptible,Least risk averse,Millenial,Trendy,Renter
2.5836000000000006,2.2203,1.4822,1.7138000000000002,Least susceptible,Least risk averse,Gen-X (older),Trendy,Owner
1.4389,1.9079000000000002,3.1469,1.5062,Less susceptible,Most risk averse,Millenial,Trendy,Owner
3.0907,0.9554,2.0658,1.8880000000000001,Less susceptible,Least risk averse,Gen-X (younger),Trendy,Owner
1.7519000000000002,2.2346,2.3525,1.6609,Most susceptible,More risk averse,Gen-X (younger),Luddite,Renter
0.7757000000000001,2.1251,1.7054999999999998,3.3937,Less susceptible,Least risk averse,Gen-Z,Trendy,Renter
2.5547,1.3918000000000001,2.6013,1.4524,Less susceptible,More risk averse,Boomer,Trendy,Renter
1.0825,3.2163000000000004,2.6887,1.0124,Less susceptible,Least risk averse,Gen-X (younger),Trendy,Owner
3.3750999999999998,2.7871000000000006,0.47440000000000004,1.363,Most susceptible,Most risk averse,Gen-X (older),Trendy,Renter
4.1211,2.7523,0.36829999999999996,0.7579999999999999,Less susceptible,Least risk averse,Gen-X (younger),Trendy,Owner
2.3821000000000003,2.5982000000000003,0.8636,2.1558,More susceptible,Most risk averse,Boomer,Trendy,Owner
2.5094,1.9198,1.1404,2.4301999999999997,Less susceptible,Most risk averse,Gen-Z,Experimenter,Renter
2.4650000000000003,1.9759,2.0003,1.5588,Less susceptible,Least risk averse,Gen-X (younger),Trendy,Renter
2.5413,4.071300000000001,0.4879,0.8991,Less susceptible,Least risk averse,Gen-X (older),Trendy,Owner
1.6799000000000002,2.1393,2.551,1.6297,Least susceptible,Most risk averse,Boomer,Trendy,Owner
3.1914,2.7527,1.2110000000000003,0.8445999999999999,Most susceptible,Most risk averse,Boomer,Experimenter,Owner
3.1182,3.532,0.4667,0.883,Less susceptible,Less risk averse,Gen-Z,Trendy,Renter
2.5652,3.5836000000000006,1.1340000000000001,0.717,Most susceptible,Less risk averse,Gen-X (older),Trendy,Owner
1.7758,3.1004000000000005,1.6234999999999997,1.5001,Less susceptible,Less risk averse,Silent,Trendy,Renter
2.5998,2.112,2.2745,1.0137,Less susceptible,Least risk averse,Gen-X (younger),Experimenter,Renter
3.2125999999999997,2.8027999999999995,0.5201,1.4642000000000002,More susceptible,More risk averse,Millenial,Trendy,Owner
0.9107000000000001,2.1035000000000004,2.4962,2.4894999999999996,Less susceptible,Least risk averse,Gen-X (younger),Experimenter,Owner
1.7519000000000002,2.3074,2.5913000000000004,1.367,Less susceptible,Least risk averse,Gen-X (older),Trendy,Owner
3.9008000000000003,1.8826,1.3633000000000002,0.8531,Less susceptible,More risk averse,Gen-X (younger),Trendy,Renter
2.4600000000000004,1.2772000000000001,1.6951999999999998,2.5673,Most susceptible,Least risk averse,Gen-X (younger),Trendy,Owner
4.1319,2.3146000000000004,0.4214,1.1319,Less susceptible,More risk averse,Gen-X (older),Follower,Owner
1.7461000000000002,2.8838,1.7856,1.5843999999999998,Less susceptible,Most risk averse,Millenial,Experimenter,Renter
1.8929,2.1419,2.3537,1.6115,Less susceptible,Least risk averse,Millenial,Follower,Owner
2.6343,3.1976000000000004,1.1465,1.0211999999999999,Less susceptible,Least risk averse,Millenial,Trendy,Owner
3.2567999999999997,1.4211000000000003,1.7445,1.5774,Less susceptible,Less risk averse,Gen-X (younger),Experimenter,Renter
3.1938,2.1612999999999998,1.5670000000000002,1.0778,Most susceptible,Less risk averse,Gen-X (younger),Trendy,Owner
1.0911000000000002,2.6285999999999996,2.5324999999999998,1.7478000000000002,More susceptible,Least risk averse,Millenial,Trendy,Renter
1.9124,3.3903000000000003,1.2998999999999998,1.3973000000000002,Less susceptible,More risk averse,Millenial,Follower,Owner
2.3165000000000004,0.7368999999999999,3.6147,1.332,Less susceptible,More risk averse,Silent,Luddite,Owner
1.5356,1.0436,2.6589,2.7617,Most susceptible,Less risk averse,Gen-X (younger),Experimenter,Owner
1.5844,2.3822,2.023,2.0101,More susceptible,Least risk averse,Gen-X (younger),Trendy,Owner
3.1751,1.9779000000000002,1.3196,1.5272,Most susceptible,Less risk averse,Millenial,Trendy,Owner
2.6287000000000003,2.6629000000000005,1.6088999999999998,1.0994,Less susceptible,Least risk averse,Gen-X (younger),Follower,Owner
2.5695,2.9379,1.6192,0.8733,Most susceptible,Least risk averse,Gen-X (younger),Experimenter,Owner
1.7215,3.1590000000000003,1.8473000000000002,1.2719,More susceptible,Most risk averse,Millenial,Trendy,Renter
2.42,3.58,1.1871000000000003,0.8125999999999999,More susceptible,Most risk averse,Silent,Trendy,Renter
1.9425,1.7554,2.8386,1.4633,More susceptible,Least risk averse,Silent,Follower,Owner
3.2710999999999997,2.197,0.9316,1.6001,Most susceptible,Most risk averse,Boomer,Trendy,Owner
3.8613,2.0278,0.4819,1.6287,Least susceptible,Most risk averse,Gen-X (older),Trendy,Owner
4.689,1.4362000000000001,0.8007,1.0739,Less susceptible,Most risk averse,Gen-X (younger),Trendy,Renter
0.9131999999999999,2.3144,1.9204999999999999,2.8519,Less susceptible,Most risk averse,Millenial,Trendy,Renter
1.8061000000000003,3.6337,1.0401,1.5197,Less susceptible,Less risk averse,Gen-Z,Trendy,Owner
2.8866,1.0657,2.5972000000000004,1.4682,Less susceptible,Least risk averse,Gen-X (younger),Experimenter,Renter
2.5961000000000003,2.8481000000000005,1.4035,1.1521,Least susceptible,Most risk averse,Silent,Experimenter,Owner
1.3016,1.7991000000000001,3.708,1.1912,More susceptible,Less risk averse,Boomer,Follower,Owner
1.7461000000000002,2.8838,1.7856,1.5843999999999998,Less susceptible,More risk averse,Millenial,Trendy,Renter
2.4646,1.3887000000000003,2.1003999999999996,2.0462000000000002,Less susceptible,Less risk averse,Millenial,Trendy,Owner
1.8497,4.4005,0.7384,1.0290000000000001,Less susceptible,More risk averse,Millenial,Experimenter,Owner
1.7473,1.8638,3.2255,1.1634,Less susceptible,More risk averse,Millenial,Experimenter,Renter
1.2939000000000003,0.7276,4.341,1.6375,Least susceptible,Most risk averse,Gen-Z,Follower,Owner
1.8832,3.6606000000000005,1.6099,0.8462,More susceptible,Least risk averse,Gen-X (younger),Trendy,Owner
2.461,1.8256,1.4627000000000001,2.2504999999999997,More susceptible,Most risk averse,Gen-Z,Experimenter,Renter
2.4121,1.7906,2.3418,1.4553,Less susceptible,Less risk averse,Millenial,Experimenter,Owner
2.2497,1.3326,2.6475000000000004,1.7701,Less susceptible,Least risk averse,Gen-Z,Trendy,Renter
1.1268999999999998,3.3930000000000007,2.3399,1.1401,Less susceptible,Least risk averse,Millenial,Experimenter,Renter
2.4976000000000003,2.8342,0.6755,1.9924,Least susceptible,Least risk averse,Millenial,Follower,Renter
1.8896000000000002,4.6672,0.6867000000000001,0.7561,Least susceptible,Least risk averse,Silent,Follower,Renter
3.2677,2.1098,1.0754,1.547,Most susceptible,Most risk averse,Silent,Trendy,Renter
2.5766,3.4222,1.0224,0.9785999999999999,Less susceptible,Most risk averse,Millenial,Experimenter,Owner
0.9107000000000001,2.1035000000000004,2.4962,2.4894999999999996,Less susceptible,Less risk averse,Gen-X (younger),Trendy,Owner
1.7912000000000001,2.4052,2.1344,1.6689,Least susceptible,Less risk averse,Millenial,Experimenter,Owner
1.9024,4.4334,0.44900000000000007,1.2149999999999999,Least susceptible,Less risk averse,Gen-X (older),Experimenter,Owner
3.124,1.228,1.8109000000000002,1.8371,More susceptible,More risk averse,Millenial,Experimenter,Renter
4.1145000000000005,2.7573,0.33299999999999996,0.7948,Most susceptible,Least risk averse,Millenial,Trendy,Renter
1.0549,3.1544,1.4170999999999998,2.3733999999999997,Less susceptible,Less risk averse,Millenial,Trendy,Renter
1.7644,2.2766,1.7664999999999997,2.1925000000000003,Less susceptible,More risk averse,Gen-Z,Experimenter,Owner
0.9326,2.1154,1.7755,3.1764,Less susceptible,Least risk averse,Gen-Z,Experimenter,Renter
1.0797,2.3131,2.9103,1.6968,Less susceptible,More risk averse,Gen-X (older),Trendy,Renter
3.1627,2.343,1.4433,1.0507,More susceptible,Most risk averse,Gen-X (younger),Follower,Renter
2.4129,3.0701,0.5469,1.9699,Less susceptible,Least risk averse,Millenial,Experimenter,Renter
1.6106000000000003,1.2183,3.2871999999999995,1.884,Most susceptible,More risk averse,Millenial,Trendy,Renter
1.3895,2.5662000000000003,2.3758000000000004,1.6684,Less susceptible,Most risk averse,Gen-X (younger),Follower,Owner
3.4044000000000003,2.7553,1.0137,0.8263999999999999,Less susceptible,Least risk averse,Millenial,Experimenter,Renter
3.8082,1.3349,0.6326,2.224,Most susceptible,More risk averse,Gen-X (younger),Follower,Renter
2.5496000000000003,3.7156000000000002,0.48519999999999996,1.2493,Less susceptible,Most risk averse,Gen-X (younger),Trendy,Renter
1.5425000000000002,1.7472,3.2428000000000003,1.4675,More susceptible,Less risk averse,Millenial,Trendy,Renter
2.4800000000000004,2.8954000000000004,1.3767,1.2478,Less susceptible,Least risk averse,Gen-X (younger),Follower,Renter
1.8521,3.8423000000000007,1.4862,0.8190999999999999,Less susceptible,Less risk averse,Gen-X (younger),Experimenter,Owner
1.6886999999999999,2.8366000000000007,1.4510999999999998,2.0234,Less susceptible,More risk averse,Gen-X (younger),Follower,Renter
0.9410000000000001,1.2776,3.1515,2.6299,Less susceptible,Least risk averse,Gen-X (younger),Trendy,Renter
2.6449000000000003,1.6334,2.6233,1.0981999999999998,Less susceptible,Least risk averse,Millenial,Trendy,Renter
2.5347000000000004,2.5109,1.5568999999999997,1.3972,Less susceptible,Most risk averse,Gen-X (older),Experimenter,Renter
1.8128,3.5604,0.5547,2.0717,Less susceptible,More risk averse,Boomer,Follower,Owner
0.8846000000000002,2.7242,3.0572,1.3339,Less susceptible,Least risk averse,Gen-Z,Trendy,Owner
2.5603000000000002,1.9825000000000004,2.3201,1.1371,Less susceptible,Less risk averse,Gen-X (older),Trendy,Renter
1.6609000000000003,1.8219,2.629,1.8881999999999999,Less susceptible,Most risk averse,Millenial,Trendy,Renter
2.5453,2.7959000000000005,1.1043,1.5543,Less susceptible,Least risk averse,Gen-X (younger),Follower,Owner
2.5188,2.2030000000000003,2.3914,0.8866999999999999,Most susceptible,Least risk averse,Millenial,Experimenter,Owner
1.4203999999999999,1.1421000000000001,3.2679,2.1696000000000004,Most susceptible,Less risk averse,Millenial,Experimenter,Owner
1.7104,1.8957,3.1799000000000004,1.2141,Less susceptible,Least risk averse,Gen-Z,Follower,Owner
2.3036000000000003,2.6978,0.8843,2.1141000000000005,Less susceptible,Least risk averse,Gen-Z,Trendy,Renter
3.3209999999999997,2.8883,0.5091,1.2813,More susceptible,Least risk averse,Silent,Follower,Owner
2.0889,1.8791,3.1654000000000004,0.8667,Less susceptible,Least risk averse,Gen-X (younger),Experimenter,Owner
2.4316000000000004,2.6719999999999997,1.4145,1.4817,Less susceptible,Most risk averse,Boomer,Experimenter,Owner
3.2399999999999998,2.1803,1.271,1.3086,Most susceptible,Least risk averse,Gen-X (younger),Trendy,Owner
1.9259000000000002,3.224,1.3372,1.5126000000000002,Less susceptible,Least risk averse,Millenial,Experimenter,Renter
3.0261,1.9722,1.919,1.0826,Less susceptible,Least risk averse,Silent,Trendy,Owner
1.6555000000000002,1.7853999999999999,1.2583,3.3009,Least susceptible,Least risk averse,Gen-X (younger),Trendy,Renter
2.2793,2.1841,2.0644,1.472,Less susceptible,Least risk averse,Boomer,Experimenter,Owner
1.7956,2.9576000000000002,2.3365,0.9103,Less susceptible,Least risk averse,Gen-Z,Trendy,Renter
2.3151,1.2304,2.5865,1.8681,Less susceptible,Less risk averse,Millenial,Trendy,Owner
2.2212,1.9953,2.587,1.1964,Less susceptible,Most risk averse,Millenial,Luddite,Owner
3.0898999999999996,2.8551,0.45799999999999996,1.5967,Less susceptible,Least risk averse,Silent,Trendy,Owner
0.6651,2.3112,2.5644,2.4591,Less susceptible,Most risk averse,Gen-X (older),Trendy,Owner
1.1219,4.4581,1.131,1.2888,Less susceptible,Least risk averse,Millenial,Trendy,Owner
3.02,0.6938,2.6318000000000006,1.6542999999999999,Most susceptible,Least risk averse,Gen-X (older),Experimenter,Owner
1.456,2.7098999999999998,1.7166000000000001,2.1174,Least susceptible,Most risk averse,Millenial,Follower,Renter
2.5507,3.5271,0.5247999999999999,1.3970999999999998,Less susceptible,Most risk averse,Gen-X (younger),Trendy,Owner
1.6484,3.1866000000000003,2.186,0.9789000000000001,Less susceptible,Least risk averse,Millenial,Experimenter,Owner
1.6758000000000002,3.3673,2.0394,0.9174,Less susceptible,Least risk averse,Silent,Experimenter,Owner
2.2454,1.9783000000000002,2.1623,1.6138000000000001,More susceptible,Least risk averse,Millenial,Experimenter,Owner
2.5192,2.0158000000000005,1.9266,1.5384,Most susceptible,Most risk averse,Gen-X (younger),Trendy,Renter
0.7746000000000001,2.4297,3.4153000000000002,1.3804,Less susceptible,Less risk averse,Boomer,Trendy,Renter
3.2233000000000005,2.4289,1.1162999999999998,1.2312,Less susceptible,Least risk averse,Gen-Z,Trendy,Owner
1.6769000000000003,2.6356,2.3084000000000002,1.3969,More susceptible,More risk averse,Boomer,Trendy,Renter
1.8383000000000003,2.521,2.0637999999999996,1.5767,Most susceptible,More risk averse,Millenial,Experimenter,Renter
0.7227,2.7148000000000003,2.7476000000000003,1.8148000000000002,Less susceptible,Least risk averse,Millenial,Trendy,Renter
1.7872,2.8505000000000003,2.1791,1.1831,Less susceptible,Less risk averse,Gen-X (older),Trendy,Renter
1.4853000000000003,2.8225000000000002,1.9524000000000001,1.7395,Less susceptible,Least risk averse,Gen-X (older),Trendy,Owner
2.2460999999999998,2.9124,2.0995,0.7417,More susceptible,Less risk averse,Millenial,Trendy,Renter
0.8443999999999999,2.1776,3.4444,1.5335000000000003,Less susceptible,Most risk averse,Gen-X (younger),Trendy,Owner
3.238,2.0103,0.6501,2.1012,Less susceptible,Least risk averse,Gen-Z,Follower,Owner
1.8186000000000002,3.0381,2.1781,0.9648999999999999,Least susceptible,Least risk averse,Gen-Z,Follower,Renter
2.6236,2.8367000000000004,1.5845000000000002,0.9549999999999998,Less susceptible,Least risk averse,Gen-X (younger),Follower,Owner
1.1163999999999998,3.734200000000001,2.3945,0.7548999999999999,Less susceptible,Most risk averse,Millenial,Trendy,Renter
2.406,1.6243,2.3690999999999995,1.6008,Less susceptible,Least risk averse,Gen-Z,Experimenter,Renter
1.3103,4.5854,0.9974,1.1069,Most susceptible,More risk averse,Millenial,Trendy,Owner
2.3139000000000003,2.7998000000000003,1.4121000000000001,1.474,Less susceptible,Least risk averse,Gen-X (younger),Experimenter,Owner
1.9135,2.8346999999999998,2.2652,0.9866,Less susceptible,Less risk averse,Millenial,Experimenter,Owner
1.699,2.6633000000000004,2.4516,1.186,Most susceptible,Least risk averse,Millenial,Trendy,Renter
0.8690999999999999,4.113300000000001,1.8802,1.1372,Less susceptible,Most risk averse,Gen-X (older),Experimenter,Owner
2.2992,1.4064000000000003,3.1984000000000004,1.0959999999999999,Less susceptible,Least risk averse,Millenial,Follower,Owner
2.5968,2.3727,1.946,1.0841999999999998,Less susceptible,Less risk averse,Gen-X (younger),Follower,Renter
3.9640999999999997,1.6220999999999999,1.6958000000000002,0.7182999999999999,Least susceptible,Least risk averse,Boomer,Trendy,Renter
2.3898,1.4288,2.3552,1.8263,Less susceptible,Less risk averse,Millenial,Experimenter,Renter
1.5316,2.7124000000000006,1.972,1.7838,Less susceptible,Less risk averse,Gen-X (older),Trendy,Renter
2.5436,2.7675,1.5943,1.0945,Less susceptible,Least risk averse,Millenial,Trendy,Owner
2.3139000000000003,2.7998000000000003,1.4121000000000001,1.474,Most susceptible,Least risk averse,Silent,Follower,Owner
2.4042,2.6064000000000003,2.0301,0.9592,Less susceptible,Least risk averse,Gen-X (younger),Trendy,Renter
3.1744999999999997,2.6557000000000004,0.6479,1.5214999999999999,Less susceptible,Least risk averse,Gen-Z,Follower,Renter
1.6219,3.2071,1.2235,1.9470999999999998,Less susceptible,Most risk averse,Gen-X (younger),Trendy,Owner
3.858,1.3762,0.5997,2.1659,Most susceptible,Least risk averse,Gen-Z,Trendy,Renter
2.5212,2.9841999999999995,1.4482000000000002,1.0464,Less susceptible,Least risk averse,Gen-X (younger),Experimenter,Owner
1.6157000000000001,1.3146,3.6634,1.4063999999999999,Less susceptible,Least risk averse,Gen-Z,Trendy,Renter
1.7684,3.4397,1.0847,1.7068999999999999,Most susceptible,Least risk averse,Gen-X (younger),Trendy,Owner
1.6529,3.2037,1.2728000000000002,1.8702999999999999,Less susceptible,Least risk averse,Gen-X (older),Trendy,Owner
2.4395000000000002,2.6454000000000004,1.1981,1.7168,Less susceptible,Least risk averse,Silent,Trendy,Owner
0.9595,3.442100000000001,1.8603,1.7379,Most susceptible,Least risk averse,Gen-X (older),Trendy,Owner
1.6199000000000001,2.1506000000000003,2.4322,1.7972000000000001,Less susceptible,Least risk averse,Millenial,Experimenter,Renter
1.7956,2.9576000000000002,2.3365,0.9103,Most susceptible,Least risk averse,Millenial,Trendy,Renter
2.6502000000000003,2.7469,1.3687999999999998,1.2338,Less susceptible,Least risk averse,Gen-X (younger),Experimenter,Owner
1.5848,2.0501000000000005,3.3939000000000004,0.9712999999999999,Less susceptible,Least risk averse,Millenial,Trendy,Owner
1.5425,3.6271000000000004,1.3882,1.442,More susceptible,Most risk averse,Gen-Z,Experimenter,Renter
1.3482,1.0567000000000002,3.1471,2.4478,Less susceptible,Least risk averse,Gen-X (older),Trendy,Renter
2.1477000000000004,1.2794999999999999,2.1069,2.4659000000000004,Most susceptible,Less risk averse,Gen-X (older),Trendy,Renter
3.1095,2.2835,1.843,0.7638,Least susceptible,Most risk averse,Gen-X (younger),Trendy,Owner
1.4616000000000002,1.9195,2.7168,1.9021,Less susceptible,Most risk averse,Gen-X (younger),Experimenter,Owner
3.2011,2.0141,1.7782,1.0066,Less susceptible,Less risk averse,Millenial,Trendy,Renter
2.3928000000000003,1.8905000000000003,1.8795000000000002,1.837,Less susceptible,Least risk averse,Gen-X (older),Follower,Owner
1.6231000000000002,1.1598,2.7238,2.5113,Less susceptible,Less risk averse,Gen-X (older),Trendy,Owner
1.8477000000000001,3.6253,0.5547,1.9721,Less susceptible,Least risk averse,Gen-Z,Follower,Renter
3.0471000000000004,0.6163,2.9084,1.4281,Less susceptible,More risk averse,Gen-X (younger),Trendy,Owner
2.2522999999999995,2.6835999999999998,1.8265,1.2374,Less susceptible,Most risk averse,Gen-X (older),Trendy,Owner
1.5285000000000002,2.0639,1.8047000000000002,2.6028000000000002,Most susceptible,Most risk averse,Gen-X (younger),Trendy,Owner
1.3378,3.0690999999999997,1.9971,1.5957999999999999,Less susceptible,Less risk averse,Millenial,Experimenter,Renter
2.4067000000000003,0.6974,2.0295,2.8664,Less susceptible,More risk averse,Gen-X (younger),Experimenter,Owner
0.8356,3.6570000000000005,1.4674,2.0398,Most susceptible,Most risk averse,Gen-X (older),Trendy,Owner
2.9326000000000003,2.2959,1.8546,0.9167000000000001,More susceptible,More risk averse,Gen-X (younger),Experimenter,Owner
1.6106000000000003,2.6117999999999997,2.9415,0.8361000000000001,Less susceptible,Least risk averse,Gen-X (younger),Trendy,Owner
3.0543,1.9759,1.3867000000000003,1.5828,Less susceptible,Less risk averse,Gen-X (younger),Experimenter,Renter
2.2781,1.0848000000000002,2.2020999999999997,2.4349,Most susceptible,Least risk averse,Millenial,Trendy,Owner
2.5192,2.0158000000000005,1.9266,1.5384,Less susceptible,Least risk averse,Gen-X (older),Follower,Renter
2.4602,2.9005,1.0897000000000001,1.5494,Less susceptible,Least risk averse,Gen-Z,Trendy,Renter
1.4608999999999999,1.707,3.4246000000000003,1.4075,Less susceptible,Least risk averse,Millenial,Follower,Renter
3.2567999999999997,1.4211000000000003,1.7445,1.5774,More susceptible,Most risk averse,Millenial,Trendy,Renter
1.1384,4.3980999999999995,1.3702999999999999,1.093,Less susceptible,Most risk averse,Gen-X (older),Trendy,Owner
2.5523000000000002,3.5617,0.9693999999999999,0.9164999999999999,Less susceptible,Least risk averse,Gen-X (younger),Experimenter,Owner
2.5335,2.8702000000000005,1.4889,1.1251,Less susceptible,Least risk averse,Gen-X (younger),Experimenter,Owner
1.4630999999999998,1.8909000000000002,2.7222,1.9236000000000002,Less susceptible,Less risk averse,Silent,Trendy,Owner
1.0356,2.2946,2.5664,2.1034,Most susceptible,Most risk averse,Millenial,Trendy,Renter
1.5228,2.6584000000000003,2.1719,1.6466,More susceptible,Most risk averse,Gen-Z,Follower,Renter
2.4822,2.7056000000000004,1.2750000000000001,1.5369,Least susceptible,More risk averse,Millenial,Trendy,Renter
2.3327,2.2106000000000003,2.5065,0.9501999999999999,Less susceptible,Most risk averse,Millenial,Trendy,Renter
2.6347,3.6110000000000007,0.4998,1.2542,Less susceptible,Least risk averse,Gen-X (younger),Trendy,Renter
1.2387000000000001,0.47850000000000004,4.7261,1.5566999999999998,Less susceptible,Most risk averse,Millenial,Trendy,Renter
1.505,2.8022,2.1877000000000004,1.5050000000000001,More susceptible,Most risk averse,Gen-X (older),Follower,Owner
3.0823,2.2153,1.2672,1.4351,Less susceptible,Least risk averse,Gen-X (younger),Trendy,Renter
2.3324000000000003,0.6349,2.4606,2.5897,More susceptible,Least risk averse,Gen-X (younger),Trendy,Renter
1.9098,3.5708,1.3941999999999999,1.125,Less susceptible,Least risk averse,Gen-X (younger),Experimenter,Owner
1.6186,1.9216000000000002,2.5179,1.9418000000000002,Less susceptible,Less risk averse,Gen-X (younger),Follower,Owner
4.2059,0.39399999999999996,2.6877,0.7123999999999999,Less susceptible,Least risk averse,Gen-Z,Trendy,Owner
1.5641,4.1679,1.4006000000000003,0.8672,Less susceptible,More risk averse,Boomer,Experimenter,Owner
1.6579000000000002,1.2699,2.5396,2.5502,Less susceptible,Least risk averse,Millenial,Trendy,Renter
2.2497,1.3326,2.6475000000000004,1.7701,Less susceptible,Most risk averse,Millenial,Experimenter,Renter
2.5086,2.5347,1.4525000000000001,1.5042000000000002,Less susceptible,Least risk averse,Gen-Z,Trendy,Owner
2.1717,1.9215,2.0361000000000002,1.8704999999999998,More susceptible,Least risk averse,Millenial,Trendy,Renter
1.693,2.1909,1.9363,2.1797,Less susceptible,Least risk averse,Millenial,Experimenter,Renter
1.9135,2.8346999999999998,2.2652,0.9866,Less susceptible,Least risk averse,Millenial,Experimenter,Renter
2.555,2.8814,1.01,1.5534000000000001,More susceptible,Least risk averse,Gen-X (older),Trendy,Renter
1.7418,3.5295000000000005,1.3004,1.4281,More susceptible,Most risk averse,Millenial,Trendy,Owner
2.2256,0.5079,3.204,2.0623,Most susceptible,Least risk averse,Millenial,Trendy,Renter
5.3158,0.6688000000000001,1.1066,0.9087999999999999,Less susceptible,Less risk averse,Gen-Z,Trendy,Renter
1.8623,3.6342000000000003,1.1056,1.3975999999999997,Less susceptible,Most risk averse,Millenial,Experimenter,Renter
1.8561,2.7875000000000005,1.9307,1.4256,Less susceptible,Least risk averse,Boomer,Experimenter,Renter
3.5456999999999996,1.2535999999999998,1.8639,1.3366,Most susceptible,More risk averse,Gen-Z,Follower,Owner
0.9785,2.1025,2.352,2.5668999999999995,Less susceptible,Least risk averse,Gen-X (younger),Experimenter,Owner
4.6272,0.7508,1.5472,1.0748,Less susceptible,Least risk averse,Gen-X (younger),Trendy,Renter
1.7721,2.7036,1.9557000000000002,1.5685,Less susceptible,Least risk averse,Silent,Trendy,Owner
2.3016,2.7323000000000004,2.2372,0.7288,Least susceptible,Least risk averse,Gen-X (older),Trendy,Owner
1.5807,1.2973000000000003,3.7217000000000002,1.4004,Less susceptible,Less risk averse,Millenial,Trendy,Renter
2.3327,2.2106000000000003,2.5065,0.9501999999999999,Less susceptible,Most risk averse,Millenial,Trendy,Renter
2.4566000000000003,1.9416000000000002,2.0817,1.5377,Less susceptible,Least risk averse,Gen-Z,Follower,Renter
0.4874,1.0552,3.4996,2.9756,Less susceptible,Less risk averse,Millenial,Experimenter,Owner
2.3085000000000004,2.0686,1.9916,1.6312,More susceptible,Most risk averse,Millenial,Follower,Owner
1.8204,4.3210999999999995,0.8944000000000001,0.9638,Less susceptible,Least risk averse,Millenial,Trendy,Owner
1.7233,1.365,2.5916,2.3201000000000005,Most susceptible,Least risk averse,Millenial,Follower,Owner
2.3432,2.4046,2.3598,0.8923000000000001,More susceptible,Least risk averse,Gen-Z,Trendy,Renter
3.8431,0.9245000000000001,1.8273999999999997,1.4227,More susceptible,Least risk averse,Millenial,Trendy,Owner
1.5599,1.0135,2.5597,2.8667,More susceptible,More risk averse,Millenial,Experimenter,Owner
1.4269,2.5804000000000005,2.5209,1.4716000000000002,Less susceptible,Most risk averse,Silent,Trendy,Owner
1.4778000000000002,2.0044000000000004,2.836,1.6818,Least susceptible,More risk averse,Gen-X (older),Trendy,Owner
1.8056000000000003,3.1444,1.6722,1.3776000000000002,Less susceptible,Least risk averse,Millenial,Experimenter,Renter
2.4655000000000005,2.4652000000000003,1.3682,1.7008999999999999,More susceptible,Least risk averse,Gen-X (older),Follower,Renter
2.4347000000000003,2.8018,1.3450000000000002,1.4183999999999999,Less susceptible,Least risk averse,Millenial,Trendy,Renter
2.5961000000000003,2.8481000000000005,1.4035,1.1521,Most susceptible,Less risk averse,Millenial,Trendy,Renter
2.0558,1.8075,3.3529000000000004,0.7837999999999999,Less susceptible,Least risk averse,Millenial,Trendy,Renter
2.4687,2.3727,1.6681,1.4904000000000002,Most susceptible,Less risk averse,Millenial,Trendy,Owner
1.7941000000000003,1.6694,2.7148,1.8215,Most susceptible,Most risk averse,Millenial,Trendy,Renter
3.8575000000000004,1.561,1.6171,0.9641,Less susceptible,Most risk averse,Gen-Z,Trendy,Renter
2.5461,1.6378,2.7182,1.0976,Less susceptible,Most risk averse,Gen-X (younger),Trendy,Renter
0.7461000000000001,1.7944,1.8916,3.5856,Less susceptible,Least risk averse,Gen-X (younger),Experimenter,Owner
0.9941000000000001,1.9705000000000004,3.0008,2.0345999999999997,Most susceptible,Most risk averse,Gen-X (older),Trendy,Owner
3.3275,2.7716000000000003,0.3879,1.5127,Less susceptible,Most risk averse,Millenial,Experimenter,Renter
1.6609000000000003,1.8219,2.629,1.8881999999999999,Most susceptible,Most risk averse,Boomer,Trendy,Owner
2.1969000000000003,0.7262,1.713,3.3636999999999997,Less susceptible,Most risk averse,Millenial,Trendy,Owner
1.1699,2.2551,2.6103,1.9648,Less susceptible,Least risk averse,Millenial,Follower,Owner
2.3151,1.5473000000000001,3.0911999999999997,1.0465,Less susceptible,Least risk averse,Millenial,Trendy,Renter
2.2331000000000003,1.9108,2.9874000000000005,0.8685999999999999,Less susceptible,More risk averse,Millenial,Trendy,Owner
1.6699000000000002,2.8756,2.0875000000000004,1.3846,Less susceptible,Most risk averse,Gen-X (older),Trendy,Owner
1.5267000000000002,2.3056000000000005,3.3358999999999996,0.8318000000000001,Less susceptible,Least risk averse,Boomer,Trendy,Owner
3.2581,2.8559,1.1786,0.7073,Less susceptible,More risk averse,Gen-X (younger),Experimenter,Owner
1.0608000000000002,3.4545000000000003,1.8772000000000002,1.6074000000000002,Least susceptible,Least risk averse,Gen-Z,Experimenter,Owner
2.3816,2.1089,1.4957,2.0137,Less susceptible,Less risk averse,Millenial,Experimenter,Renter
2.2432,1.7944,2.8647000000000005,1.0977,Less susceptible,More risk averse,Millenial,Follower,Renter
2.555,2.8814,1.01,1.5534000000000001,More susceptible,Most risk averse,Millenial,Trendy,Renter
1.7072,3.1666000000000003,1.5108999999999997,1.6151,Less susceptible,Most risk averse,Boomer,Follower,Owner
0.6779,1.276,3.4348,2.6112,More susceptible,More risk averse,Gen-Z,Experimenter,Renter
1.8832,3.6606000000000005,1.6099,0.8462,Less susceptible,Most risk averse,Gen-X (younger),Trendy,Owner
1.8061,2.2745,2.2788,1.6405,Least susceptible,Least risk averse,Gen-X (younger),Trendy,Renter
3.8801,1.4385999999999999,1.5763,1.1049,Less susceptible,Most risk averse,Gen-Z,Follower,Renter
1.1228,3.5851000000000006,1.4491,1.8429,Less susceptible,Most risk averse,Gen-X (younger),Experimenter,Renter
3.0027,2.5368000000000004,1.7849000000000002,0.6752999999999999,Less susceptible,Least risk averse,Gen-X (older),Trendy,Owner
1.9493999999999998,4.556500000000001,1.0624000000000002,0.4317,Less susceptible,More risk averse,Gen-X (younger),Experimenter,Owner
1.7369,3.2876000000000003,1.2478000000000002,1.7274,Less susceptible,Less risk averse,Millenial,Experimenter,Owner
2.5489,2.7678000000000003,1.6362,1.0466,Least susceptible,More risk averse,Millenial,Trendy,Owner
0.9333,3.192,2.8493999999999997,1.0252000000000001,Least susceptible,Least risk averse,Millenial,Experimenter,Owner
1.0887,2.9875000000000003,2.4156999999999997,1.5081,Less susceptible,Least risk averse,Millenial,Trendy,Renter
2.4842000000000004,2.8756000000000004,1.8959000000000001,0.7443,Less susceptible,Least risk averse,Millenial,Trendy,Renter
1.806,2.9093999999999998,1.8578,1.4267,Less susceptible,Most risk averse,Millenial,Trendy,Owner
0.9941000000000001,1.9705000000000004,3.0008,2.0345999999999997,Less susceptible,Least risk averse,Boomer,Trendy,Owner
1.7759000000000003,2.9779,2.1012,1.1448,Most susceptible,Least risk averse,Gen-X (older),Luddite,Owner
2.5695,2.9379,1.6192,0.8733,Most susceptible,Least risk averse,Millenial,Follower,Owner
2.555,2.8814,1.01,1.5534000000000001,Less susceptible,Least risk averse,Millenial,Trendy,Renter
3.2496,2.1130000000000004,1.1717,1.4657,Less susceptible,Most risk averse,Gen-X (older),Follower,Owner
2.5700000000000003,1.7046000000000001,2.6342000000000003,1.0911,Less susceptible,Least risk averse,Silent,Experimenter,Owner
1.7872,2.8505000000000003,2.1791,1.1831,Most susceptible,Less risk averse,Gen-X (younger),Trendy,Owner
1.6999,2.6182000000000003,1.8349000000000002,1.8467,Less susceptible,Most risk averse,Gen-X (younger),Experimenter,Owner
0.8221999999999999,2.235,3.1952000000000003,1.7475000000000003,Less susceptible,More risk averse,Boomer,Trendy,Owner
3.2616,1.3619,2.5221000000000005,0.8545999999999999,Less susceptible,Most risk averse,Boomer,Trendy,Renter
2.555,2.8814,1.01,1.5534000000000001,More susceptible,Least risk averse,Boomer,Experimenter,Owner
2.5019,2.1885000000000003,1.1606999999999998,2.1487000000000003,Least susceptible,Least risk averse,Gen-X (younger),Follower,Owner
2.5498999999999996,1.4510000000000003,1.8236999999999999,2.1752,Less susceptible,Least risk averse,Gen-Z,Experimenter,Renter
0.9638000000000001,2.7964,2.3455,1.8941999999999999,Less susceptible,More risk averse,Millenial,Experimenter,Renter
1.8176,3.2796000000000003,1.3092,1.5934000000000001,Less susceptible,Least risk averse,Millenial,Experimenter,Renter
3.4325,2.8343,0.8088999999999998,0.9239999999999999,Less susceptible,Less risk averse,Gen-X (younger),Experimenter,Renter
2.4395000000000002,2.6454000000000004,1.1981,1.7168,Most susceptible,Least risk averse,Gen-X (younger),Trendy,Renter
1.7429000000000001,2.7977999999999996,1.5694000000000004,1.9076000000000002,Less susceptible,Most risk averse,Gen-X (younger),Trendy,Renter
3.2423,1.3646,1.1353,2.2575000000000003,Least susceptible,Least risk averse,Gen-X (younger),Follower,Renter
2.4036999999999997,2.2415,1.7608000000000001,1.5937999999999999,Less susceptible,Most risk averse,Millenial,Trendy,Owner
3.6452,1.1950999999999998,0.8906999999999999,2.2689000000000004,Least susceptible,Least risk averse,Gen-X (younger),Trendy,Renter
1.6263,3.2935000000000008,1.4885000000000002,1.5915,Less susceptible,Least risk averse,Gen-X (younger),Trendy,Renter
0.6721,1.6372999999999998,3.1038,2.6045,Less susceptible,Most risk averse,Gen-X (younger),Experimenter,Owner
1.7476,1.3349,2.4924000000000004,2.4251,Less susceptible,Less risk averse,Millenial,Trendy,Renter
2.6193,3.4824,1.0993,0.7986999999999999,Less susceptible,Most risk averse,Gen-X (younger),Trendy,Renter
1.27,2.5901000000000005,2.4509000000000003,1.6889,Less susceptible,Less risk averse,Gen-X (younger),Trendy,Owner
1.8287999999999998,4.4282,1.0518,0.691,Least susceptible,More risk averse,Silent,Follower,Owner
2.4557,3.0349000000000004,1.3237,1.1857,Least susceptible,Least risk averse,Millenial,Trendy,Owner
2.5113,2.2312,1.2648,2.0101,Less susceptible,Least risk averse,Boomer,Trendy,Renter
2.4865,2.0599,1.7602000000000002,1.6931999999999998,Less susceptible,Less risk averse,Gen-X (younger),Trendy,Owner
2.2623,3.3607000000000005,1.8103000000000002,0.5665,Less susceptible,Least risk averse,Gen-X (older),Trendy,Owner
1.1503,3.2153,2.5445,1.0897999999999999,Most susceptible,More risk averse,Gen-X (older),Trendy,Owner
1.9255,3.0997,1.9726000000000004,1.0023,Less susceptible,Most risk averse,Gen-X (younger),Trendy,Owner
2.5961000000000003,2.8481000000000005,1.4035,1.1521,More susceptible,More risk averse,Gen-X (older),Experimenter,Owner
2.2793,2.1841,2.0644,1.472,Least susceptible,More risk averse,Gen-Z,Trendy,Renter
1.7418,3.5295000000000005,1.3004,1.4281,Least susceptible,Least risk averse,Boomer,Follower,Owner
2.5512,2.8858,1.2578,1.3051,Less susceptible,Least risk averse,Millenial,Experimenter,Owner
3.0352,1.3733000000000002,2.2216000000000005,1.3877,More susceptible,Most risk averse,Boomer,Follower,Renter
1.8436,3.0994,1.4792999999999998,1.5775000000000001,More susceptible,Less risk averse,Silent,Follower,Owner
3.1081,2.5274,1.7252999999999998,0.6390999999999999,Most susceptible,Most risk averse,Millenial,Trendy,Owner
2.7734,1.0443,3.0526,1.1298,Less susceptible,Least risk averse,Boomer,Trendy,Owner
1.4747000000000001,3.3528,2.0051,1.1673,Least susceptible,Most risk averse,Gen-X (younger),Experimenter,Renter
1.0313,2.9403,2.0811999999999995,1.9470999999999998,Less susceptible,Least risk averse,Gen-X (younger),Experimenter,Owner
4.1188,2.1116,0.8181999999999999,0.9510999999999998,Less susceptible,Most risk averse,Gen-X (older),Trendy,Renter
1.4359000000000002,1.0931,3.3705000000000003,2.1004,Less susceptible,Least risk averse,Millenial,Experimenter,Owner
3.8723,1.5182,0.9633999999999999,1.6461000000000001,Least susceptible,More risk averse,Gen-X (younger),Trendy,Owner
2.3131,0.7237,2.7110000000000003,2.2521,More susceptible,Most risk averse,Gen-Z,Follower,Renter
2.4121,2.4646999999999997,1.3447,1.7783,Most susceptible,Most risk averse,Gen-Z,Trendy,Owner
1.7418,3.5295000000000005,1.3004,1.4281,Less susceptible,Least risk averse,Gen-X (older),Trendy,Renter
1.9000000000000001,2.6262,1.7569000000000004,1.7168,Less susceptible,More risk averse,Gen-Z,Experimenter,Owner
3.0424,2.9513,0.528,1.4782,Most susceptible,More risk averse,Gen-Z,Trendy,Renter
1.4432,2.6609,2.4619000000000004,1.4338999999999997,Most susceptible,Least risk averse,Gen-X (older),Trendy,Renter
2.8009,1.8268000000000002,2.6139000000000006,0.7582,Least susceptible,Least risk averse,Gen-Z,Trendy,Renter
2.6361999999999997,3.6145,0.3883,1.3605999999999998,Less susceptible,More risk averse,Gen-X (younger),Trendy,Owner
3.1728,2.5666,1.175,1.0855,More susceptible,Most risk averse,Millenial,Trendy,Renter
1.8493000000000002,1.8912999999999998,2.5291,1.7302,Less susceptible,Less risk averse,Millenial,Trendy,Owner
2.9278999999999997,1.2486000000000002,2.8949,0.9288000000000001,More susceptible,More risk averse,Silent,Trendy,Owner
1.6827999999999999,1.8337999999999999,1.9083000000000003,2.5751000000000004,Less susceptible,Least risk averse,Millenial,Experimenter,Renter
2.0955,1.2831000000000001,3.3819,1.2396999999999998,Less susceptible,Most risk averse,Gen-X (older),Experimenter,Owner
2.4829000000000003,1.4408,2.4618000000000007,1.6144,Less susceptible,Least risk averse,Gen-X (younger),Experimenter,Owner
2.4196,2.3823999999999996,1.6536,1.5442999999999998,Less susceptible,Less risk averse,Gen-X (younger),Trendy,Renter
1.0318,2.4814000000000003,3.4608999999999996,1.0258,Most susceptible,Least risk averse,Millenial,Trendy,Owner
1.6848000000000003,3.1424000000000003,1.7392999999999998,1.4332,More susceptible,More risk averse,Gen-X (older),Experimenter,Owner
1.1009,3.573200000000001,2.1698,1.156,Less susceptible,Least risk averse,Gen-X (younger),Experimenter,Owner
2.6750000000000003,3.2054,1.4986000000000002,0.6211,Less susceptible,Less risk averse,Gen-X (older),Follower,Owner
1.3093000000000001,3.7469,1.5876000000000001,1.3558999999999999,Least susceptible,Most risk averse,Millenial,Trendy,Renter
3.3234,2.8463000000000003,1.1306,0.6993999999999999,Most susceptible,Most risk averse,Millenial,Experimenter,Renter
1.3532000000000002,1.1917000000000002,3.9173,1.5379,Less susceptible,Least risk averse,Millenial,Experimenter,Renter
1.3695,1.6668,2.1896000000000004,2.7739000000000003,Most susceptible,Least risk averse,Gen-Z,Trendy,Renter
0.7363000000000001,2.6908,2.5411,2.0317,Less susceptible,Least risk averse,Millenial,Follower,Owner
1.693,2.1909,1.9363,2.1797,Less susceptible,Least risk averse,Millenial,Experimenter,Owner
2.6878,4.3039000000000005,0.34909999999999997,0.6588999999999999,Least susceptible,More risk averse,Gen-X (younger),Experimenter,Renter
2.6172,1.6693,2.3629000000000002,1.3508000000000002,Less susceptible,Less risk averse,Boomer,Trendy,Owner
2.454,2.7019,1.8073000000000001,1.0367,Less susceptible,Less risk averse,Gen-Z,Trendy,Renter
2.2708000000000004,0.678,3.0042000000000004,2.0469999999999997,Least susceptible,Least risk averse,Millenial,Trendy,Renter
